Variable1,Variable2,Cramer's V,Chi2 Statistic,P-value
Product,ProductGroup,0.9999904615497118,471789.00000000006,0.0
Product,ProductType,0.9999904615497117,471789.0,0.0
Product,Agency,0.4597164575452138,209289.49436905683,0.0
Product,WorkflowStatus,0.04725745439597357,1428.8054904723572,3.4496724465441193e-287
Product,Indexation,0.4893010393866791,37656.96152124932,0.0
Product,NoOfLives,0.41083484822049016,26549.509562917305,0.0
Product,CommDateProvided,0.08141475628860549,1048.38958811731,3.0528530634970744e-223
Product,PaymentFreq,0.707737979391897,157553.88314109645,0.0
Product,UWDecision,0.4595634514588482,166093.32055188654,0.0
Product,ComissionSacrifice,0.18645123286143495,5473.065993218746,0.0
Product,CommissionSacrificeType,0.13311192943734676,5584.948010200473,0.0
Product,RenewalSacrificeType,0.5826988770107101,160205.22889837198,0.0
Product,CommissionTerms,0.07831737179969876,970.5839280451229,2.056572099533233e-206
Product,Discount,0.03721419576642026,223.7916105391268,1.6166980411304998e-45
Product,BonusCommission,0.3500950644588205,19281.061477435855,0.0
Product,FreeCover,0.043824981221465165,308.0419926458912,1.546323382669516e-63
Product,SeriousIllnessType,0.3194969573853158,32117.872963766687,0.0
Product,SignedDecReceived,0.029334156391472466,141.32284604129416,5.269377590237711e-28
Product,PolicyIssued,0.1200136715603935,2271.0888715187343,0.0
Product,day_of_week,0.008414256656605007,102.80273367019399,2.403479597982207e-08
Product,day_of_month,0.004836687800221895,202.0739404757135,0.12429550407122691
Product,month,0.018834808731015815,400.7219629091152,1.9827542385950028e-49
Product,year,0.05528948029737765,2433.6310314031784,0.0
ProductGroup,Product,0.9999904615497118,471789.00000000006,0.0
ProductGroup,ProductType,0.6037514660600738,171980.27962045197,0.0
ProductGroup,Agency,0.5253026094789671,135125.340460173,0.0
ProductGroup,WorkflowStatus,0.03920759356304144,737.2369899295408,4.6842589550991085e-150
ProductGroup,Indexation,0.4857293424099534,37106.29453227154,0.0
ProductGroup,NoOfLives,0.3383126517444037,18002.493048197033,0.0
ProductGroup,CommDateProvided,0.06031302451571834,575.0658516346695,2.562058555915719e-124
ProductGroup,PaymentFreq,0.7071060606821139,157266.6795443056,0.0
ProductGroup,UWDecision,0.5859371863699832,161987.6355179258,0.0
ProductGroup,ComissionSacrifice,0.17751851845393407,4958.769808737828,0.0
ProductGroup,CommissionSacrificeType,0.1266384589760541,5050.083485609852,0.0
ProductGroup,RenewalSacrificeType,0.5826347884565642,160160.9941642813,0.0
ProductGroup,CommissionTerms,0.0702409060847409,778.8968980396717,1.6327667962641795e-168
ProductGroup,Discount,0.029289275989626076,137.9090638486942,1.0672823535725006e-29
ProductGroup,BonusCommission,0.20202051367662002,6421.222045806793,0.0
ProductGroup,FreeCover,0.037382198896217966,222.7624661193453,5.076247507765632e-48
ProductGroup,SeriousIllnessType,0.218417999942477,15010.719517034044,0.0
ProductGroup,SignedDecReceived,0.02373156176993683,91.56793684749447,1.008682390752453e-19
ProductGroup,PolicyIssued,0.09630229961500045,1461.4687088887495,0.0
ProductGroup,day_of_week,0.007337593056962245,43.40087791822352,0.0007021594602527472
ProductGroup,day_of_month,0.0,71.3304754737804,0.9265780866663662
ProductGroup,month,0.019974993721676097,221.24060634917993,9.712283183271788e-30
ProductGroup,year,0.0401007120538427,773.653995136907,3.607745986958856e-155
ProductType,Product,0.9999904615497117,471789.0,0.0
ProductType,ProductGroup,0.6037514660600738,171980.27962045197,0.0
ProductType,Agency,0.5201546168664121,132586.21763301716,0.0
ProductType,WorkflowStatus,0.04614310202467693,1016.5073833187491,5.293376695251358e-210
ProductType,Indexation,0.13639178115800968,2928.5006519559693,0.0
ProductType,NoOfLives,0.3100723637193913,15122.934681176906,0.0
ProductType,CommDateProvided,0.03985308491512528,252.7742806097794,1.6435272752934103e-54
ProductType,PaymentFreq,0.7076733878529257,157519.12836990223,0.0
ProductType,UWDecision,0.5885997139757647,163463.00335242102,0.0
ProductType,ComissionSacrifice,0.10417859074031281,1709.7926185209171,0.0
ProductType,CommissionSacrificeType,0.07417451086573731,1736.455439443218,0.0
ProductType,RenewalSacrificeType,0.5780967066882651,157675.8956395632,0.0
ProductType,CommissionTerms,0.05058780373535159,405.45327426483857,1.4585382552277052e-87
ProductType,Discount,0.02977875520490091,142.4559129912197,1.1165778093516778e-30
ProductType,BonusCommission,0.3228124435378803,16390.938652678822,0.0
ProductType,FreeCover,0.033076454530610304,175.05280021023785,1.0321718810500288e-37
ProductType,SeriousIllnessType,0.10644651435579311,3569.8049184115366,0.0
ProductType,SignedDecReceived,0.022147997073442876,80.14234149755194,2.8609074679680014e-17
ProductType,PolicyIssued,0.09527961192917904,1430.6566071363236,6.5595798100931e-310
ProductType,day_of_week,0.009325450723644988,59.02800509282312,2.9348041768922325e-06
ProductType,day_of_month,0.007636329467484201,117.51172840530784,0.027363631044873254
ProductType,month,0.01286267307741201,111.05543649721199,2.2262777757258289e-10
ProductType,year,0.05030774340265842,1209.0134938855742,1.8954721547348333e-248
Agency,Product,0.4597164575452138,209289.49436905683,0.0
Agency,ProductGroup,0.5253026094789671,135125.340460173,0.0
Agency,ProductType,0.5201546168664121,132586.21763301716,0.0
Agency,WorkflowStatus,0.18413088086815194,27914.992469909772,0.0
Agency,Indexation,0.5483350924882037,48931.19203463948,0.0
Agency,NoOfLives,0.2752908242015118,13565.11710107282,0.0
Agency,CommDateProvided,0.4153532215123531,28777.5831495586,0.0
Agency,PaymentFreq,0.535920411102031,93628.10064649649,0.0
Agency,UWDecision,0.3412550266596927,99802.44896568339,0.0
Agency,ComissionSacrifice,0.6838377131095261,75188.07138840329,0.0
Agency,CommissionSacrificeType,0.5232209615780031,89397.61858540107,0.0
Agency,RenewalSacrificeType,0.6042829720420602,177215.23031933533,0.0
Agency,CommissionTerms,0.8256711351667522,108857.67774964275,0.0
Agency,Discount,0.1260473445380802,4145.578602551639,3.437202702962982e-215
Agency,BonusCommission,0.5713576136419906,52985.115304498715,0.0
Agency,FreeCover,0.23597190105705057,10403.7892298849,0.0
Agency,SeriousIllnessType,0.3576131340739707,43517.34428682941,0.0
Agency,SignedDecReceived,0.27793574269923327,13795.22902102433,0.0
Agency,PolicyIssued,0.21513676690757472,8925.697906379663,0.0
Agency,day_of_week,0.12645125379843017,24969.223541292835,0.0
Agency,day_of_month,0.05057025100614095,61473.30990387116,2.0345129491965334e-278
Agency,month,0.08382511448140426,30271.617305920074,0.0
Agency,year,0.3238584639556419,90704.53227163215,0.0
WorkflowStatus,Product,0.04725745439597358,1428.8054904723574,3.4496724465437256e-287
WorkflowStatus,ProductGroup,0.03920759356304144,737.2369899295408,4.6842589550991085e-150
WorkflowStatus,ProductType,0.04614310202467693,1016.5073833187491,5.293376695251358e-210
WorkflowStatus,Agency,0.18413088086815194,27914.992469909772,0.0
WorkflowStatus,Indexation,0.008818646520467805,16.230059441811612,0.002725495446615436
WorkflowStatus,NoOfLives,0.0140322663137119,34.965620582590944,4.7214997197006824e-07
WorkflowStatus,CommDateProvided,0.49347308695842734,38299.76407973338,0.0
WorkflowStatus,PaymentFreq,0.013519063478842039,65.48368852256482,3.8718482577312645e-11
WorkflowStatus,UWDecision,0.34489496321166535,74845.42732943741,0.0
WorkflowStatus,ComissionSacrifice,0.019613684844474656,64.49818735971228,3.2822856953719785e-13
WorkflowStatus,CommissionSacrificeType,0.016683706994209634,95.54601634426862,3.462488824183897e-17
WorkflowStatus,RenewalSacrificeType,0.01650379604580235,140.50128773865242,4.7443323266668346e-24
WorkflowStatus,CommissionTerms,0.0702785576496449,780.7289426825371,1.1466887787292336e-167
WorkflowStatus,Discount,0.01158842444097963,25.1189880494495,4.7612888969051547e-05
WorkflowStatus,BonusCommission,0.04424334019645515,311.83616821163383,3.0290709146962337e-66
WorkflowStatus,FreeCover,0.8356795940484757,109829.55071529563,0.0
WorkflowStatus,SeriousIllnessType,0.027853593157464752,252.01334293443065,6.447738839292157e-50
WorkflowStatus,SignedDecReceived,0.18046875985087532,5125.861901519801,0.0
WorkflowStatus,PolicyIssued,0.4078707166223054,26165.873829049546,0.0
WorkflowStatus,day_of_week,0.007754636660351573,61.826848586206864,3.5115570502668115e-05
WorkflowStatus,day_of_month,0.010748061135338566,192.66751642381342,2.879337683293942e-05
WorkflowStatus,month,0.027453148140702703,518.0892026669788,3.216898538177439e-82
WorkflowStatus,year,0.10519872620576656,6981.398114895853,0.0
Indexation,Product,0.4893010393866791,37656.96152124932,0.0
Indexation,ProductGroup,0.48572934240995347,37106.294532271546,0.0
Indexation,ProductType,0.13639178115800968,2928.500651955969,0.0
Indexation,Agency,0.5483350924882037,48931.19203463948,0.0
Indexation,WorkflowStatus,0.008818646520467805,16.230059441811612,0.002725495446615436
Indexation,NoOfLives,0.1820251280787097,5211.585009303266,0.0
Indexation,CommDateProvided,0.08262817439689882,1074.6929761526912,1.0453940889109499e-235
Indexation,PaymentFreq,0.013455075298100319,30.470575998489235,2.417678184459402e-07
Indexation,UWDecision,0.05510233100338884,482.4894341729582,4.802845593650977e-102
Indexation,ComissionSacrifice,0.12921910521857347,2626.894384564588,0.0
Indexation,CommissionSacrificeType,0.13007348467229093,2662.7333119231753,0.0
Indexation,RenewalSacrificeType,0.0793964320512634,994.3471802409773,3.029691816467589e-215
Indexation,CommissionTerms,0.08143950419273072,1044.0233696173236,4.845914640276264e-229
Indexation,Discount,0.016604991263609287,44.361186873329345,2.730472368888858e-11
Indexation,BonusCommission,0.07675055626382755,927.3750742963937,1.0987694906946086e-203
Indexation,FreeCover,0.01965577114024593,61.758076124690135,3.883554308398902e-15
Indexation,SeriousIllnessType,0.20588409316882908,6668.06252825324,0.0
Indexation,SignedDecReceived,0.005608715260807973,5.947105112237697,0.014741475479602601
Indexation,PolicyIssued,0.038095369769686874,229.227615804034,8.785933327156784e-52
Indexation,day_of_week,0.013521473320137629,34.75228747211395,4.81282004376253e-06
Indexation,day_of_month,0.007270767424089326,38.31369840038781,0.14186041142746061
Indexation,month,0.011757370109880708,32.73930076149891,0.0005798410052149882
Indexation,year,0.044198299918405404,312.2097314485002,2.3723188311139476e-65
NoOfLives,Product,0.41083484822049016,26549.50956291731,0.0
NoOfLives,ProductGroup,0.3383126517444038,18002.493048197037,0.0
NoOfLives,ProductType,0.3100723637193913,15122.934681176906,0.0
NoOfLives,Agency,0.2752908242015118,13565.117101072821,0.0
NoOfLives,WorkflowStatus,0.014032266313711898,34.96562058259094,4.7214997197006994e-07
NoOfLives,Indexation,0.1820251280787097,5211.585009303266,0.0
NoOfLives,CommDateProvided,0.04847054402709158,370.47034868741497,1.4783756177997153e-82
NoOfLives,PaymentFreq,0.02938722858004851,137.81292329120146,1.186598895724723e-30
NoOfLives,UWDecision,0.3130864007046918,15420.307887955354,0.0
NoOfLives,ComissionSacrifice,0.10051468853613289,1589.8498553867694,0.0
NoOfLives,CommissionSacrificeType,0.1018845369659362,1634.451735900113,0.0
NoOfLives,RenewalSacrificeType,0.052537350906450654,437.0703831698467,2.0633751927846426e-94
NoOfLives,CommissionTerms,0.005026349627600174,4.973103497469837,0.025744413968627235
NoOfLives,Discount,0.030470523167256014,147.0103477693648,7.806729872605697e-34
NoOfLives,BonusCommission,0.09747029414884226,1495.0610702671745,0.0
NoOfLives,FreeCover,0.010381638465988711,17.949455809890313,2.2684926731642243e-05
NoOfLives,SeriousIllnessType,0.08262578613015265,1075.6309158332676,2.689765039728072e-234
NoOfLives,SignedDecReceived,0.026387998359147638,110.50569769840025,7.592686639344399e-26
NoOfLives,PolicyIssued,0.0699938331275915,771.4480382519672,8.707881907763487e-170
NoOfLives,day_of_week,0.003809471554744551,8.282235859709028,0.21814660577985587
NoOfLives,day_of_month,0.003528172886130642,31.957788755968295,0.3694931134099312
NoOfLives,month,0.010940215534383664,29.8224938873692,0.0016895178352667967
NoOfLives,year,0.04488043747356659,321.76559208977545,2.0876634705829005e-67
CommDateProvided,Product,0.08141475628860549,1048.3895881173098,3.0528530634974227e-223
CommDateProvided,ProductGroup,0.060313024515718336,575.0658516346693,2.5620585559158657e-124
CommDateProvided,ProductType,0.03985308491512528,252.7742806097794,1.6435272752934103e-54
CommDateProvided,Agency,0.4153532215123531,28777.5831495586,0.0
CommDateProvided,WorkflowStatus,0.49347308695842734,38299.76407973338,0.0
CommDateProvided,Indexation,0.08262817439689882,1074.6929761526912,1.0453940889109499e-235
CommDateProvided,NoOfLives,0.04847054402709159,370.470348687415,1.4783756177996732e-82
CommDateProvided,PaymentFreq,0.02114098171180406,72.2868652000129,2.0095863158894902e-16
CommDateProvided,UWDecision,0.3101036533145194,15127.986371886753,0.0
CommDateProvided,ComissionSacrifice,0.03805316509531797,228.7222033956651,1.1324317075849507e-51
CommDateProvided,CommissionSacrificeType,0.037842354768334224,227.20608705065786,4.600712231172894e-50
CommDateProvided,RenewalSacrificeType,0.0493741031657573,386.3736471589476,1.9796665679375416e-83
CommDateProvided,CommissionTerms,0.06970979324644595,765.2076617003961,1.9803967482425955e-168
CommDateProvided,Discount,0.04584840213414717,331.5766788377031,4.359001766190291e-74
CommDateProvided,BonusCommission,0.005573892613978645,5.885866030612188,0.015262889214088747
CommDateProvided,FreeCover,0.2080724089222296,6809.521062138275,0.0
CommDateProvided,SeriousIllnessType,0.06031875972795198,574.174646815165,2.087178631006864e-125
CommDateProvided,SignedDecReceived,0.11581384462546139,2110.331089372632,0.0
CommDateProvided,PolicyIssued,0.21934487338421346,7567.216631854675,0.0
CommDateProvided,day_of_week,0.015802669014852885,45.27218856537723,4.132066260467519e-08
CommDateProvided,day_of_month,0.007467788918106983,38.77035774447744,0.13095711301635857
CommDateProvided,month,0.034279132023896056,195.79218146221748,5.54718721602376e-36
CommDateProvided,year,0.19311701835575393,5869.957803687735,0.0
PaymentFreq,Product,0.707737979391897,157553.88314109642,0.0
PaymentFreq,ProductGroup,0.7071060606821139,157266.67954430563,0.0
PaymentFreq,ProductType,0.7076733878529256,157519.1283699022,0.0
PaymentFreq,Agency,0.5359204111020309,93628.10064649646,0.0
PaymentFreq,WorkflowStatus,0.013519063478842039,65.48368852256482,3.8718482577312645e-11
PaymentFreq,Indexation,0.013455075298100319,30.47057599848923,2.4176781844594024e-07
PaymentFreq,NoOfLives,0.029387228580048514,137.81292329120149,1.1865988957247063e-30
PaymentFreq,CommDateProvided,0.02114098171180406,72.2868652000129,2.0095863158894902e-16
PaymentFreq,UWDecision,0.7072216729661721,157322.10821301097,0.0
PaymentFreq,ComissionSacrifice,0.013101738982155196,28.994910078374776,5.056328422773976e-07
PaymentFreq,CommissionSacrificeType,0.017647488063600347,101.95281806502982,3.7760098752577295e-21
PaymentFreq,RenewalSacrificeType,0.7072552647407171,157333.05263447773,0.0
PaymentFreq,CommissionTerms,0.06889701181412816,748.4909970213487,2.93254793447845e-163
PaymentFreq,Discount,0.005360692511209472,6.5192546171468075,0.038402707710758315
PaymentFreq,BonusCommission,0.06626297206333177,692.5030877005211,4.215655906657576e-151
PaymentFreq,FreeCover,0.0,0.5333772265862552,0.7659115290059659
PaymentFreq,SeriousIllnessType,0.006633349142568503,17.83940886964925,0.001326539895801376
PaymentFreq,SignedDecReceived,0.012215348056334764,25.46581929302566,2.9523483704676956e-06
PaymentFreq,PolicyIssued,0.007669707848980411,11.25085841762818,0.003605015499482559
PaymentFreq,day_of_week,0.0010033226216949415,12.316691853263245,0.42059258047732134
PaymentFreq,day_of_month,0.006607159244113941,73.73069893361702,0.10959641417580465
PaymentFreq,month,0.003219987426280249,25.261204330179012,0.2847474182767138
PaymentFreq,year,0.011915015417296159,54.65199467961436,3.667693283202375e-08
UWDecision,Product,0.4595634514588482,166093.32055188654,0.0
UWDecision,ProductGroup,0.5859371863699832,161987.6355179258,0.0
UWDecision,ProductType,0.5885997139757647,163463.00335242102,0.0
UWDecision,Agency,0.3412550266596927,99802.4489656834,0.0
UWDecision,WorkflowStatus,0.34489496321166535,74845.42732943741,0.0
UWDecision,Indexation,0.055102331003388835,482.4894341729581,4.8028455936512515e-102
UWDecision,NoOfLives,0.3130864007046918,15420.30788795535,0.0
UWDecision,CommDateProvided,0.3101036533145194,15127.986371886753,0.0
UWDecision,PaymentFreq,0.7072216729661721,157322.10821301097,0.0
UWDecision,ComissionSacrifice,0.0471790956495312,355.0443383615901,1.4355180016670647e-74
UWDecision,CommissionSacrificeType,0.035314275960954745,402.2398479646518,3.140626421867256e-80
UWDecision,RenewalSacrificeType,0.5775575419327502,157387.9352020436,0.0
UWDecision,CommissionTerms,0.0903606602747815,1289.051955831816,1.5036928169365394e-276
UWDecision,Discount,0.006371572536783763,11.384387236069992,0.044269442783729816
UWDecision,BonusCommission,0.10760780439511249,1826.0058568646057,0.0
UWDecision,FreeCover,0.06896035377632992,752.8642524209744,1.816469096345432e-160
UWDecision,SeriousIllnessType,0.06312987349365885,1263.4900435110133,2.892899257140161e-265
UWDecision,SignedDecReceived,0.11176382158679395,1969.3835485528562,0.0
UWDecision,PolicyIssued,0.3466016166930791,18897.305662370283,0.0
UWDecision,day_of_week,0.005319734561978524,52.25186422353119,0.007154069606778448
UWDecision,day_of_month,0.004770288039867007,167.8934922714539,0.15085408088278224
UWDecision,month,0.0109098835153359,148.58895596593177,1.5213745596084616e-10
UWDecision,year,0.0257259975219408,545.388070200373,2.905167401438733e-99
ComissionSacrifice,Product,0.18645123286143495,5473.065993218746,0.0
ComissionSacrifice,ProductGroup,0.17751851845393407,4958.769808737828,0.0
ComissionSacrifice,ProductType,0.10417859074031281,1709.7926185209171,0.0
ComissionSacrifice,Agency,0.6838377131095261,75188.0713884033,0.0
ComissionSacrifice,WorkflowStatus,0.01961368484447466,64.49818735971229,3.2822856953719537e-13
ComissionSacrifice,Indexation,0.12921910521857347,2626.894384564588,0.0
ComissionSacrifice,NoOfLives,0.10051468853613289,1589.8498553867694,0.0
ComissionSacrifice,CommDateProvided,0.03805316509531797,228.7222033956651,1.1324317075849507e-51
ComissionSacrifice,PaymentFreq,0.013101738982155196,28.994910078374776,5.056328422773976e-07
ComissionSacrifice,UWDecision,0.0471790956495312,355.0443383615901,1.4355180016670647e-74
ComissionSacrifice,CommissionSacrificeType,0.999572519063168,157129.57573023834,0.0
ComissionSacrifice,RenewalSacrificeType,0.4809147405404692,36374.39617642486,0.0
ComissionSacrifice,CommissionTerms,0.0443555405555636,310.3994633508055,1.7873288598637134e-69
ComissionSacrifice,Discount,0.022554933886644507,81.00312400980167,2.253611396803987e-19
ComissionSacrifice,BonusCommission,0.09404789861766363,1391.9835339985225,1.1599191434607893e-304
ComissionSacrifice,FreeCover,0.020313403800090675,65.8917132716146,4.763904272256486e-16
ComissionSacrifice,SeriousIllnessType,0.11721046167706298,2162.511340488217,0.0
ComissionSacrifice,SignedDecReceived,0.024379663586748996,94.47150623682538,2.48645931837433e-22
ComissionSacrifice,PolicyIssued,0.019933948618745742,63.489997563825455,1.611831843047248e-15
ComissionSacrifice,day_of_week,0.01995631763334298,68.63035517590298,7.804563313278267e-13
ComissionSacrifice,day_of_month,0.0,29.901155925804193,0.47072451866731757
ComissionSacrifice,month,0.014491646035964055,44.026317349070595,7.190319831739106e-06
ComissionSacrifice,year,0.03678715528947301,217.82187772538816,4.35029642763112e-45
CommissionSacrificeType,Product,0.13311192943734676,5584.9480102004745,0.0
CommissionSacrificeType,ProductGroup,0.1266384589760541,5050.083485609852,0.0
CommissionSacrificeType,ProductType,0.07417451086573731,1736.455439443218,0.0
CommissionSacrificeType,Agency,0.5232209615780031,89397.61858540107,0.0
CommissionSacrificeType,WorkflowStatus,0.016683706994209634,95.54601634426862,3.462488824183897e-17
CommissionSacrificeType,Indexation,0.13007348467229093,2662.7333119231753,0.0
CommissionSacrificeType,NoOfLives,0.1018845369659362,1634.451735900113,0.0
CommissionSacrificeType,CommDateProvided,0.037842354768334224,227.20608705065786,4.600712231172894e-50
CommissionSacrificeType,PaymentFreq,0.017647488063600347,101.9528180650298,3.7760098752577566e-21
CommissionSacrificeType,UWDecision,0.035314275960954745,402.2398479646518,3.140626421867256e-80
CommissionSacrificeType,ComissionSacrifice,0.999572519063168,157129.57573023834,0.0
CommissionSacrificeType,RenewalSacrificeType,0.7791504787031115,190944.59051472193,0.0
CommissionSacrificeType,CommissionTerms,0.06623935135271937,692.0108892444028,5.391935545978007e-151
CommissionSacrificeType,Discount,0.023757295853537426,90.7601175846684,1.9574509039002824e-20
CommissionSacrificeType,BonusCommission,0.10407113314886061,1705.2734009639364,0.0
CommissionSacrificeType,FreeCover,0.020266989558855645,66.5955153691185,3.4591355276461488e-15
CommissionSacrificeType,SeriousIllnessType,0.08474572607883794,2262.846104564496,0.0
CommissionSacrificeType,SignedDecReceived,0.02442621758408106,95.82882897945305,1.5525092037486424e-21
CommissionSacrificeType,PolicyIssued,0.020190569661664493,66.10929861230969,4.411113221382394e-15
CommissionSacrificeType,day_of_week,0.013749770031323294,71.46240286188399,1.7042086698436187e-10
CommissionSacrificeType,day_of_month,0.0,54.532660625196826,0.6749912101512271
CommissionSacrificeType,month,0.01067919795699637,57.869885988935295,4.5907926501881596e-05
CommissionSacrificeType,year,0.029130380814547652,276.8968549794472,1.1754128328099758e-53
RenewalSacrificeType,Product,0.5826988770107101,160205.22889837198,0.0
RenewalSacrificeType,ProductGroup,0.5826347884565642,160160.9941642813,0.0
RenewalSacrificeType,ProductType,0.5780967066882651,157675.8956395632,0.0
RenewalSacrificeType,Agency,0.60428297204206,177215.2303193353,0.0
RenewalSacrificeType,WorkflowStatus,0.01650379604580235,140.50128773865242,4.7443323266668346e-24
RenewalSacrificeType,Indexation,0.0793964320512634,994.3471802409774,3.029691816467416e-215
RenewalSacrificeType,NoOfLives,0.052537350906450654,437.0703831698467,2.0633751927846426e-94
RenewalSacrificeType,CommDateProvided,0.04937410316575729,386.37364715894756,1.979666567937599e-83
RenewalSacrificeType,PaymentFreq,0.7072552647407171,157333.05263447776,0.0
RenewalSacrificeType,UWDecision,0.5775575419327503,157387.93520204362,0.0
RenewalSacrificeType,ComissionSacrifice,0.48091474054046923,36374.39617642487,0.0
RenewalSacrificeType,CommissionSacrificeType,0.7791504787031115,190944.590514722,0.0
RenewalSacrificeType,CommissionTerms,0.06568264574194087,681.4613044671722,2.1971235706370712e-147
RenewalSacrificeType,Discount,0.01694815087402891,48.17192734061693,1.9574296654096563e-10
RenewalSacrificeType,BonusCommission,0.09256687860032357,1350.5194404672825,1.6067242632108025e-292
RenewalSacrificeType,FreeCover,0.015795967559457183,42.23886818262712,3.5701122502010794e-09
RenewalSacrificeType,SeriousIllnessType,0.04262974123704174,577.5792451243321,1.5973545552887296e-121
RenewalSacrificeType,SignedDecReceived,0.04643507173185619,342.0908418436542,7.694711363912653e-74
RenewalSacrificeType,PolicyIssued,0.015099628999743946,38.85556572052512,1.8623542157497506e-08
RenewalSacrificeType,day_of_week,0.011227579167066848,77.47200959968986,2.3639270982086966e-09
RenewalSacrificeType,day_of_month,0.0054930472163170095,104.2358580709097,0.14482706397824535
RenewalSacrificeType,month,0.014671212172795727,134.54824429018538,3.2437267002218395e-14
RenewalSacrificeType,year,0.03965861639716918,757.0184413460687,1.2835145168318763e-151
CommissionTerms,Product,0.07831737179969876,970.5839280451229,2.056572099533233e-206
CommissionTerms,ProductGroup,0.0702409060847409,778.8968980396716,1.6327667962642727e-168
CommissionTerms,ProductType,0.0505878037353516,405.4532742648386,1.4585382552276637e-87
CommissionTerms,Agency,0.8256711351667522,108857.67774964275,0.0
CommissionTerms,WorkflowStatus,0.0702785576496449,780.7289426825371,1.1466887787292336e-167
CommissionTerms,Indexation,0.08143950419273072,1044.0233696173236,4.845914640276264e-229
CommissionTerms,NoOfLives,0.0050263496276001735,4.973103497469836,0.02574441396862725
CommissionTerms,CommDateProvided,0.06970979324644595,765.2076617003961,1.9803967482425955e-168
CommissionTerms,PaymentFreq,0.06889701181412816,748.4909970213487,2.93254793447845e-163
CommissionTerms,UWDecision,0.0903606602747815,1289.051955831816,1.5036928169365394e-276
CommissionTerms,ComissionSacrifice,0.0443555405555636,310.3994633508055,1.7873288598637134e-69
CommissionTerms,CommissionSacrificeType,0.06623935135271937,692.0108892444028,5.391935545978007e-151
CommissionTerms,RenewalSacrificeType,0.06568264574194087,681.4613044671721,2.1971235706370723e-147
CommissionTerms,Discount,0.006648384568712201,7.951146752724026,0.004805691614365811
CommissionTerms,BonusCommission,0.04558013051603309,327.71940676344536,3.01653768056371e-73
CommissionTerms,FreeCover,0.014267510096417182,33.01254912390537,9.156594051487773e-09
CommissionTerms,SeriousIllnessType,0.0357179941809026,202.63095779209226,9.98266699595089e-45
CommissionTerms,SignedDecReceived,0.015976725180433693,41.14203571913809,1.4155889667155559e-10
CommissionTerms,PolicyIssued,0.0010349845351549684,1.1684643104888341,0.279717008151412
CommissionTerms,day_of_week,0.014379715771616577,38.518080953281824,8.895484437906671e-07
CommissionTerms,day_of_month,0.004267782070087579,32.86455513910444,0.32845027191421844
CommissionTerms,month,0.005212857579791432,15.273489315549922,0.17031568985402643
CommissionTerms,year,0.034448174860271574,191.61919103434963,1.760678577612767e-39
Discount,Product,0.03721419576642026,223.79161053912682,1.6166980411304995e-45
Discount,ProductGroup,0.029289275989626076,137.9090638486942,1.0672823535725006e-29
Discount,ProductType,0.029778755204900913,142.45591299121972,1.1165778093516618e-30
Discount,Agency,0.1260473445380802,4145.578602551639,3.437202702962982e-215
Discount,WorkflowStatus,0.01158842444097963,25.1189880494495,4.7612888969051547e-05
Discount,Indexation,0.016604991263609287,44.361186873329345,2.730472368888858e-11
Discount,NoOfLives,0.030470523167256014,147.0103477693648,7.806729872605697e-34
Discount,CommDateProvided,0.04584840213414717,331.5766788377031,4.359001766190291e-74
Discount,PaymentFreq,0.005360692511209472,6.5192546171468075,0.038402707710758315
Discount,UWDecision,0.006371572536783764,11.384387236069994,0.04426944278372973
Discount,ComissionSacrifice,0.022554933886644507,81.00312400980167,2.253611396803987e-19
Discount,CommissionSacrificeType,0.023757295853537426,90.7601175846684,1.9574509039002824e-20
Discount,RenewalSacrificeType,0.016948150874028907,48.171927340616925,1.9574296654096625e-10
Discount,CommissionTerms,0.006648384568712201,7.951146752724026,0.004805691614365811
Discount,BonusCommission,0.0,0.8576854019644972,0.3543872269806926
Discount,FreeCover,0.008957004914232373,13.616812192080387,0.0002241689970738301
Discount,SeriousIllnessType,0.043392604691229734,298.1114855354576,1.8446476375294416e-65
Discount,SignedDecReceived,0.06511306934029497,667.7455632526787,3.089440716915868e-147
Discount,PolicyIssued,0.0063173486384819335,7.276158818502663,0.006987579886220982
Discount,day_of_week,0.006469620334958279,12.582394424017558,0.050168245098194515
Discount,day_of_month,0.028920194244637147,161.5306104177114,5.836757808987322e-20
Discount,month,0.16621019769326553,4355.493318489218,0.0
Discount,year,0.2692830879781128,11408.599428229787,0.0
BonusCommission,Product,0.3500950644588205,19281.06147743585,0.0
BonusCommission,ProductGroup,0.20202051367662002,6421.222045806793,0.0
BonusCommission,ProductType,0.3228124435378803,16390.938652678822,0.0
BonusCommission,Agency,0.5713576136419906,52985.115304498715,0.0
BonusCommission,WorkflowStatus,0.04424334019645515,311.8361682116339,3.029070914696148e-66
BonusCommission,Indexation,0.07675055626382755,927.3750742963937,1.0987694906946086e-203
BonusCommission,NoOfLives,0.09747029414884226,1495.0610702671745,0.0
BonusCommission,CommDateProvided,0.005573892613978645,5.885866030612188,0.015262889214088747
BonusCommission,PaymentFreq,0.06626297206333177,692.5030877005212,4.215655906657335e-151
BonusCommission,UWDecision,0.10760780439511249,1826.0058568646057,0.0
BonusCommission,ComissionSacrifice,0.09404789861766363,1391.9835339985225,1.1599191434607893e-304
BonusCommission,CommissionSacrificeType,0.10407113314886061,1705.2734009639364,0.0
BonusCommission,RenewalSacrificeType,0.09256687860032357,1350.5194404672825,1.6067242632108025e-292
BonusCommission,CommissionTerms,0.04558013051603309,327.71940676344536,3.01653768056371e-73
BonusCommission,Discount,0.0,0.8576854019644972,0.3543872269806926
BonusCommission,FreeCover,0.0,0.38268574654951537,0.5361693636387985
BonusCommission,SeriousIllnessType,0.4699642880685203,34735.89684989377,0.0
BonusCommission,SignedDecReceived,0.027658307350195765,121.30260020893526,3.280731927616634e-28
BonusCommission,PolicyIssued,0.010832017653306656,19.451966712279706,1.0316155924192394e-05
BonusCommission,day_of_week,0.03620093508775836,212.0931002550907,5.0433801920573065e-43
BonusCommission,day_of_month,0.011657899702724506,51.373138499637115,0.008891077388099172
BonusCommission,month,0.018844506097417967,66.84622956087675,4.836342640067079e-10
BonusCommission,year,0.09577035711012007,1447.4010098536035,7.3699767156393e-311
FreeCover,Product,0.043824981221465165,308.0419926458912,1.546323382669516e-63
FreeCover,ProductGroup,0.037382198896217966,222.76246611934533,5.0762475077655586e-48
FreeCover,ProductType,0.033076454530610304,175.05280021023785,1.0321718810500288e-37
FreeCover,Agency,0.2359719010570506,10403.789229884904,0.0
FreeCover,WorkflowStatus,0.8356795940484757,109829.55071529563,0.0
FreeCover,Indexation,0.01965577114024593,61.758076124690135,3.883554308398902e-15
FreeCover,NoOfLives,0.010381638465988711,17.949455809890313,2.2684926731642243e-05
FreeCover,CommDateProvided,0.2080724089222296,6809.521062138275,0.0
FreeCover,PaymentFreq,0.0,0.5333772265862552,0.7659115290059659
FreeCover,UWDecision,0.06896035377632992,752.8642524209743,1.8164690963455364e-160
FreeCover,ComissionSacrifice,0.020313403800090675,65.8917132716146,4.763904272256486e-16
FreeCover,CommissionSacrificeType,0.020266989558855645,66.5955153691185,3.4591355276461488e-15
FreeCover,RenewalSacrificeType,0.015795967559457183,42.238868182627115,3.570112250201095e-09
FreeCover,CommissionTerms,0.014267510096417182,33.01254912390537,9.156594051487773e-09
FreeCover,Discount,0.008957004914232373,13.616812192080387,0.0002241689970738301
FreeCover,BonusCommission,0.0,0.38268574654951537,0.5361693636387985
FreeCover,SeriousIllnessType,0.008753429620083943,14.049825047893806,0.0008894453213684118
FreeCover,SignedDecReceived,0.07207189846870923,817.8752204403704,7.01002529433258e-180
FreeCover,PolicyIssued,0.04544770724622417,325.82373854663706,7.805486944144889e-73
FreeCover,day_of_week,0.007453067924153116,14.735662559246713,0.02241536809230276
FreeCover,day_of_month,0.012854897470264267,55.98748290976443,0.0027393833774335464
FreeCover,month,0.03874148750322286,247.0350545572542,1.1666039209119722e-46
FreeCover,year,0.18311279166833372,5278.04120092626,0.0
SeriousIllnessType,Product,0.3194969573853158,32117.872963766687,0.0
SeriousIllnessType,ProductGroup,0.218417999942477,15010.719517034044,0.0
SeriousIllnessType,ProductType,0.10644651435579311,3569.8049184115366,0.0
SeriousIllnessType,Agency,0.35761313407397066,43517.3442868294,0.0
SeriousIllnessType,WorkflowStatus,0.027853593157464752,252.01334293443063,6.44773883929225e-50
SeriousIllnessType,Indexation,0.20588409316882908,6668.06252825324,0.0
SeriousIllnessType,NoOfLives,0.08262578613015265,1075.6309158332676,2.689765039728072e-234
SeriousIllnessType,CommDateProvided,0.06031875972795198,574.174646815165,2.087178631006864e-125
SeriousIllnessType,PaymentFreq,0.006633349142568503,17.83940886964925,0.001326539895801376
SeriousIllnessType,UWDecision,0.06312987349365885,1263.4900435110133,2.892899257140161e-265
SeriousIllnessType,ComissionSacrifice,0.11721046167706299,2162.5113404882172,0.0
SeriousIllnessType,CommissionSacrificeType,0.08474572607883794,2262.846104564496,0.0
SeriousIllnessType,RenewalSacrificeType,0.04262974123704174,577.579245124332,1.597354555288911e-121
SeriousIllnessType,CommissionTerms,0.0357179941809026,202.63095779209226,9.98266699595089e-45
SeriousIllnessType,Discount,0.043392604691229734,298.1114855354576,1.8446476375294416e-65
SeriousIllnessType,BonusCommission,0.4699642880685203,34735.89684989377,0.0
SeriousIllnessType,FreeCover,0.008753429620083943,14.049825047893808,0.000889445321368411
SeriousIllnessType,SignedDecReceived,0.012755350685196745,27.586378310093504,1.0225723894096491e-06
SeriousIllnessType,PolicyIssued,0.016009923282451363,42.30903796966678,6.49694421185627e-10
SeriousIllnessType,day_of_week,0.015743434811187184,89.9561592469654,5.034820946607941e-14
SeriousIllnessType,day_of_month,0.004857154455354386,67.42056863849697,0.23834505320333083
SeriousIllnessType,month,0.015136230911479781,94.05885562047666,6.921077438638416e-11
SeriousIllnessType,year,0.059801334295223024,1134.7935088953232,1.6638864843165176e-237
SignedDecReceived,Product,0.029334156391472466,141.32284604129416,5.269377590237711e-28
SignedDecReceived,ProductGroup,0.023731561769936835,91.56793684749448,1.0086823907524459e-19
SignedDecReceived,ProductType,0.022147997073442876,80.14234149755193,2.860907467968023e-17
SignedDecReceived,Agency,0.27793574269923327,13795.22902102433,0.0
SignedDecReceived,WorkflowStatus,0.18046875985087532,5125.861901519801,0.0
SignedDecReceived,Indexation,0.005608715260807973,5.947105112237697,0.014741475479602601
SignedDecReceived,NoOfLives,0.026387998359147638,110.50569769840025,7.592686639344399e-26
SignedDecReceived,CommDateProvided,0.11581384462546142,2110.3310893726325,0.0
SignedDecReceived,PaymentFreq,0.012215348056334764,25.46581929302566,2.9523483704676956e-06
SignedDecReceived,UWDecision,0.11176382158679395,1969.3835485528562,0.0
SignedDecReceived,ComissionSacrifice,0.024379663586748996,94.47150623682538,2.48645931837433e-22
SignedDecReceived,CommissionSacrificeType,0.024426217584081065,95.82882897945306,1.5525092037486315e-21
SignedDecReceived,RenewalSacrificeType,0.04643507173185619,342.0908418436542,7.694711363912653e-74
SignedDecReceived,CommissionTerms,0.01597672518043369,41.142035719138086,1.415588966715561e-10
SignedDecReceived,Discount,0.06511306934029497,667.7455632526787,3.089440716915868e-147
SignedDecReceived,BonusCommission,0.027658307350195765,121.30260020893526,3.280731927616634e-28
SignedDecReceived,FreeCover,0.07207189846870923,817.8752204403704,7.01002529433258e-180
SignedDecReceived,SeriousIllnessType,0.012755350685196747,27.586378310093508,1.022572389409649e-06
SignedDecReceived,PolicyIssued,0.09241406518665793,1344.0740132377673,2.9884248614894112e-294
SignedDecReceived,day_of_week,0.0062735292233245124,12.189425250694402,0.05787394168354244
SignedDecReceived,day_of_month,0.014292886337646048,62.12671003047774,0.0005050482085879706
SignedDecReceived,month,0.048283617367681435,377.6261824102045,3.413682270382734e-74
SignedDecReceived,year,0.27687008274537805,12060.23988345002,0.0
PolicyIssued,Product,0.1200136715603935,2271.088871518735,0.0
PolicyIssued,ProductGroup,0.09630229961500045,1461.4687088887495,0.0
PolicyIssued,ProductType,0.09527961192917904,1430.6566071363236,6.5595798100931e-310
PolicyIssued,Agency,0.21513676690757472,8925.697906379663,0.0
PolicyIssued,WorkflowStatus,0.4078707166223054,26165.873829049546,0.0
PolicyIssued,Indexation,0.038095369769686874,229.227615804034,8.785933327156784e-52
PolicyIssued,NoOfLives,0.0699938331275915,771.4480382519673,8.707881907762991e-170
PolicyIssued,CommDateProvided,0.21934487338421346,7567.216631854675,0.0
PolicyIssued,PaymentFreq,0.0076697078489804124,11.250858417628184,0.003605015499482554
PolicyIssued,UWDecision,0.3466016166930791,18897.305662370283,0.0
PolicyIssued,ComissionSacrifice,0.019933948618745742,63.489997563825455,1.611831843047248e-15
PolicyIssued,CommissionSacrificeType,0.020190569661664493,66.10929861230969,4.411113221382394e-15
PolicyIssued,RenewalSacrificeType,0.015099628999743944,38.855565720525114,1.862354215749758e-08
PolicyIssued,CommissionTerms,0.0010349845351549684,1.1684643104888341,0.279717008151412
PolicyIssued,Discount,0.006317348638481932,7.276158818502662,0.0069875798862210165
PolicyIssued,BonusCommission,0.010832017653306656,19.451966712279706,1.0316155924192394e-05
PolicyIssued,FreeCover,0.04544770724622417,325.82373854663706,7.805486944144889e-73
PolicyIssued,SeriousIllnessType,0.016009923282451363,42.309037969666775,6.496944211856271e-10
PolicyIssued,SignedDecReceived,0.09241406518665791,1344.074013237767,2.9884248614897512e-294
PolicyIssued,day_of_week,0.00939769570364514,19.888896596193522,0.00289834058952045
PolicyIssued,day_of_month,0.004756032724894691,33.55743318730263,0.2988693152428237
PolicyIssued,month,0.007857916427422238,20.710503162542203,0.03649740730694649
PolicyIssued,year,0.0332863439920675,179.2432920577215,7.763278200699949e-37
day_of_week,Product,0.008414256656605007,102.80273367019399,2.403479597982207e-08
day_of_week,ProductGroup,0.007337593056962245,43.40087791822352,0.0007021594602527472
day_of_week,ProductType,0.009325450723644988,59.028005092823115,2.9348041768922215e-06
day_of_week,Agency,0.12645125379843017,24969.223541292835,0.0
day_of_week,WorkflowStatus,0.007754636660351574,61.82684858620687,3.5115570502668224e-05
day_of_week,Indexation,0.013521473320137629,34.75228747211395,4.81282004376253e-06
day_of_week,NoOfLives,0.003809471554744551,8.282235859709028,0.21814660577985587
day_of_week,CommDateProvided,0.015802669014852885,45.27218856537723,4.132066260467519e-08
day_of_week,PaymentFreq,0.0010033226216949415,12.316691853263245,0.42059258047732134
day_of_week,UWDecision,0.005319734561978525,52.2518642235312,0.007154069606778418
day_of_week,ComissionSacrifice,0.01995631763334298,68.63035517590298,7.804563313278267e-13
day_of_week,CommissionSacrificeType,0.013749770031323294,71.46240286188399,1.7042086698436187e-10
day_of_week,RenewalSacrificeType,0.011227579167066848,77.47200959968986,2.3639270982086966e-09
day_of_week,CommissionTerms,0.014379715771616577,38.518080953281824,8.895484437906671e-07
day_of_week,Discount,0.006469620334958279,12.58239442401756,0.05016824509819447
day_of_week,BonusCommission,0.03620093508775836,212.0931002550907,5.0433801920573065e-43
day_of_week,FreeCover,0.007453067924153117,14.735662559246714,0.022415368092302736
day_of_week,SeriousIllnessType,0.015743434811187184,89.95615924696541,5.0348209466079213e-14
day_of_week,SignedDecReceived,0.0062735292233245124,12.189425250694402,0.05787394168354244
day_of_week,PolicyIssued,0.00939769570364514,19.888896596193522,0.00289834058952045
day_of_week,day_of_month,0.030838589478449308,1077.3271372129548,1.021404608036389e-127
day_of_week,month,0.020530199588999935,463.69308341471293,4.372547829119472e-61
day_of_week,year,0.016579344488715224,246.1313900221623,8.44706321038573e-36
day_of_month,Product,0.0048366878002218915,202.07394047571347,0.12429550407122718
day_of_month,ProductGroup,0.0,71.33047547378041,0.9265780866663661
day_of_month,ProductType,0.007636329467484199,117.51172840530782,0.027363631044873226
day_of_month,Agency,0.05057025100614093,61473.30990387115,2.0345129491976912e-278
day_of_month,WorkflowStatus,0.010748061135338566,192.66751642381342,2.879337683293942e-05
day_of_month,Indexation,0.007270767424089332,38.31369840038782,0.14186041142746017
day_of_month,NoOfLives,0.003528172886130642,31.957788755968295,0.3694931134099312
day_of_month,CommDateProvided,0.007467788918106987,38.770357744477444,0.1309571130163585
day_of_month,PaymentFreq,0.006607159244113946,73.73069893361703,0.10959641417580449
day_of_month,UWDecision,0.004770288039867007,167.8934922714539,0.15085408088278224
day_of_month,ComissionSacrifice,0.0,29.901155925804193,0.47072451866731757
day_of_month,CommissionSacrificeType,0.0,54.53266062519682,0.6749912101512273
day_of_month,RenewalSacrificeType,0.005493047216317016,104.23585807090974,0.1448270639782447
day_of_month,CommissionTerms,0.004267782070087582,32.864555139104446,0.3284502719142185
day_of_month,Discount,0.028920194244637144,161.53061041771136,5.836757808987407e-20
day_of_month,BonusCommission,0.011657899702724506,51.37313849963711,0.008891077388099206
day_of_month,FreeCover,0.012854897470264267,55.98748290976444,0.0027393833774335373
day_of_month,SeriousIllnessType,0.004857154455354391,67.42056863849699,0.2383450532033304
day_of_month,SignedDecReceived,0.014292886337646055,62.12671003047776,0.0005050482085879655
day_of_month,PolicyIssued,0.004756032724894691,33.55743318730263,0.2988693152428237
day_of_month,day_of_week,0.030838589478449308,1077.3271372129548,1.021404608036389e-127
day_of_month,month,0.08458207199810598,12705.010495013039,0.0
day_of_month,year,0.041155135953209694,1481.7758789126315,1.3311292698848357e-217
month,Product,0.018834808731015815,400.7219629091151,1.9827542385950035e-49
month,ProductGroup,0.019974993721676097,221.24060634917993,9.712283183271788e-30
month,ProductType,0.012862673077412007,111.05543649721196,2.226277775725862e-10
month,Agency,0.08382511448140426,30271.617305920074,0.0
month,WorkflowStatus,0.027453148140702703,518.0892026669788,3.216898538177439e-82
month,Indexation,0.011757370109880708,32.73930076149891,0.0005798410052149882
month,NoOfLives,0.010940215534383664,29.8224938873692,0.0016895178352667967
month,CommDateProvided,0.034279132023896056,195.79218146221746,5.5471872160238395e-36
month,PaymentFreq,0.003219987426280247,25.26120433017901,0.28474741827671396
month,UWDecision,0.010909883515335898,148.58895596593175,1.521374559608484e-10
month,ComissionSacrifice,0.014491646035964055,44.026317349070595,7.190319831739106e-06
month,CommissionSacrificeType,0.01067919795699637,57.8698859889353,4.5907926501881433e-05
month,RenewalSacrificeType,0.014671212172795725,134.54824429018535,3.243726700221887e-14
month,CommissionTerms,0.005212857579791432,15.273489315549922,0.17031568985402643
month,Discount,0.1662101976932655,4355.493318489217,0.0
month,BonusCommission,0.018844506097417967,66.84622956087675,4.836342640067079e-10
month,FreeCover,0.03874148750322285,247.03505455725417,1.1666039209119722e-46
month,SeriousIllnessType,0.015136230911479781,94.05885562047666,6.921077438638416e-11
month,SignedDecReceived,0.048283617367681435,377.6261824102045,3.413682270382734e-74
month,PolicyIssued,0.007857916427422238,20.710503162542203,0.03649740730694649
month,day_of_week,0.020530199588999938,463.6930834147131,4.372547829119223e-61
month,day_of_month,0.08458207199810598,12705.010495013039,0.0
month,year,0.036860254347859625,1123.3155498033975,4.342993608450631e-199
year,Product,0.055289480297377645,2433.631031403178,0.0
year,ProductGroup,0.0401007120538427,773.6539951369073,3.6077459869584454e-155
year,ProductType,0.050307743402658416,1209.013493885574,1.895472154735049e-248
year,Agency,0.3238584639556419,90704.53227163215,0.0
year,WorkflowStatus,0.10519872620576656,6981.398114895853,0.0
year,Indexation,0.044198299918405404,312.2097314485002,2.3723188311139476e-65
year,NoOfLives,0.04488043747356659,321.7655920897755,2.0876634705827812e-67
year,CommDateProvided,0.19311701835575393,5869.957803687735,0.0
year,PaymentFreq,0.011915015417296159,54.65199467961436,3.667693283202375e-08
year,UWDecision,0.025725997521940793,545.3880702003728,2.9051674014390652e-99
year,ComissionSacrifice,0.03678715528947301,217.82187772538816,4.35029642763112e-45
year,CommissionSacrificeType,0.029130380814547652,276.8968549794472,1.1754128328099758e-53
year,RenewalSacrificeType,0.03965861639716918,757.0184413460687,1.2835145168318763e-151
year,CommissionTerms,0.034448174860271574,191.61919103434963,1.760678577612767e-39
year,Discount,0.26928308797811273,11408.599428229785,0.0
year,BonusCommission,0.09577035711012007,1447.4010098536035,7.3699767156393e-311
year,FreeCover,0.18311279166833375,5278.041200926261,0.0
year,SeriousIllnessType,0.059801334295223024,1134.7935088953232,1.6638864843165176e-237
year,SignedDecReceived,0.27687008274537805,12060.23988345002,0.0
year,PolicyIssued,0.0332863439920675,179.2432920577215,7.763278200699949e-37
year,day_of_week,0.016579344488715224,246.13139002216232,8.447063210385607e-36
year,day_of_month,0.041155135953209694,1481.7758789126315,1.3311292698848357e-217
year,month,0.036860254347859625,1123.3155498033975,4.342993608450631e-199
